video_id,datetime,title
SXwC9fSwct8,2024-01-11T15:10:59Z,Ultimate Docker Compose Tutorial
gLJdrXPn0ns,2023-12-07T15:01:28Z,DevSecOps Tutorial for Beginners | CI Pipeline with GitHub Actions and Docker Scout
pg19Z8LL06w,2023-02-15T15:08:45Z,Docker Crash Course for Absolute Beginners [NEW]
F7WMRXLUQRM,2022-05-15T13:25:55Z,GitLab CI/CD Full Course released - CI/CD with Docker | K8s | Microservices!
8vXoMqWgbQQ,2021-11-11T15:07:56Z,Top 8 Docker Best Practices for using Docker in Production
7KUdmFyefSA,2020-12-10T16:55:01Z,Kubernetes is dropping Docker support - What does it mean for YOU?
3c-iBn73dDE,2020-10-21T19:26:53Z,Docker Tutorial for Beginners [FULL COURSE in 3 Hours]
R8_veQiYBjI,2020-10-08T15:03:01Z,GitHub Actions Tutorial - Basic Concepts and CI/CD Pipeline with Docker
s,2020-05-30T13:55:30Z,Pull Image from Private Docker Registry in Kubernetes cluster | Demo
pMO26j2OUME,2020-02-15T13:12:59Z,Run Jenkins in Docker Container - Jenkins Pipeline Tutorial for Beginners 1/4
9_s3h_GVzZc,2019-12-15T18:24:40Z,Docker vs Kubernetes vs Docker Swarm | Comparison in 5 mins
SBUCYJgg4Mk,2019-12-13T15:28:40Z,Docker Volumes Demo || Docker Tutorial 13
ZowjOhpAcIc,2019-12-06T16:03:56Z,Deploying the containerized application with Docker Compose || Docker Tutorial 12
p2PH_YPCsis,2019-11-30T17:45:27Z,Docker Volumes explained in 6 minutes
vWSRWpOPHws,2019-11-29T16:59:37Z,Private Repository explained | Registry on AWS - Docker in Practice || Docker Tutorial 11
WmcdMiyqfZs,2019-11-22T16:43:06Z,Dockerfile Tutorial - Docker in Practice || Docker Tutorial 10
MVIcrmeV_6c,2019-11-17T16:53:12Z,Docker Compose Tutorial - Docker in Practice || Docker Tutorial 9
6YisG2GcXaw,2019-11-10T10:32:54Z,Developing with Docker - Docker in Practice || Docker Tutorial 8
YdKUkDe22RA,2019-11-10T10:02:34Z,Overview of Workflow with Docker - Docker in Practice || Docker Tutorial 7
5GanJdbHlAA,2019-11-04T14:40:32Z,Docker vs Virtual Machine | simply explained || Docker Tutorial 6
tLK9nNFHWH8,2019-10-28T21:53:35Z,Debugging Docker Containers with docker exec and docker logs || Docker Tutorial 5
xGn7cFR3ARU,2019-10-28T21:05:09Z,8 Basic Docker Commands || Docker Tutorial 4
GeqaTjKMWeY,2019-10-24T16:07:04Z,How to install docker? Step by Step || Docker Tutorial 3
GeqaTjKMWeY,2019-10-11T13:02:57Z,What is a Docker Container? Docker Demo || Docker Tutorial 2
jPdIRX6q4jA,2019-10-11T13:01:36Z,What is Docker? Docker container concept explained || Docker Tutorial 1